{
    "enabled": true,
    "neededInstalledMods": [],
    "neededUninstalledMods": [],
    "spawns": [
        {
            "id": "ragingbolt-1",
            "pokemon": "ragingbolt",
             "presets": [
                "natural"
            ],
            "type": "pokemon",
            "context": "grounded",
            "bucket": "ultra-rare",
            "level": "60-75",
            "weight": 4.5,
            "condition": {
                "biomes": [
                    "#cobblemon:is_coast"
                ]
            },
            "weightMultipliers": [
                {
                    "multiplier": 2,
                    "condition": {
                        "isRaining": true
                    },
                    "anticondition": {
                        "biomes": [
                            "#cobblemon:is_arid",
                            "#cobblemon:is_snowy"
                        ]
                    }
                },
                {
                    "multiplier": 3,
                    "condition": {
                        "isThundering": true
                    },
                    "anticondition": {
                        "biomes": [
                            "#cobblemon:is_arid",
                            "#cobblemon:is_snowy"
                        ]
                    }
                }
            ]
        }
    ]
}
        