{
  "target": "cobblemon:latios",
  "implemented": true,
  "baseScale":1.0,
  "hitbox": {
    "width": 3,
    "height": 2.5,
    "fixed": false
  },

  "behaviour": {
      "moving": {
        "canLook": true,
        "walk": {
          "walkSpeed": 1.5,
          "canWalk": true,
          "avoidsLand": false
        },
      "fly": {
        "canFly": true
      },
      "swim": {
        "swimSpeed": 0.2,
        "canSwimInWater": false,
        "canBreatheUnderwater": false
      }
    }
  }
}