{
  "target": "cobblemon:meltan",
  "baseScale": 0.3,
  "hitbox": {
      "width": 0.4,
      "height": 0.8,
      "fixed": false
  },
    "behaviour": {
      "resting": {
          "canSleep": true,
          "depth": "normal",
          "light": "0-4"
      },
      "moving": {
          "canLook": false,
          "walk": {
      "walkSpeed": 0.175,
              "canWalk": true,
              "avoidsLand": false
          },
          "swim": {
              "swimSpeed": 0.1,
              "canSwimInWater": false,
              "canBreatheUnderwater": false
          }
      }
},
    "evolutions": [
      {
          "id": "meltan_melmetal",
          "variant": "level_up",
          "result": "melmetal",
          "consumeHeldItem": false,
          "learnableMoves": [],
    "requirements": [
    {
        "variant": "held_item",
        "itemCondition": "minecraft:anvil"
    },
    {
        "variant": "level",
        "minLevel": 60
    }
          ]
      }
  ]
}