{
    "enabled": true,
    "neededInstalledMods": [],
    "neededUninstalledMods": [],
    "spawns": [
        {
            "id": "guzzlord-1",
            "pokemon": "guzzlord",
			"presets": [
                "natural"
            ],
            "type": "pokemon",
            "context": "grounded",
            "bucket": "ultra-rare",
            "level": "70",
            "weight": 5.0,
            "condition": {
                "biomes": [
                    "#cobblemon:is_end"
                ]
            }
        }
    ]
}