{
    "enabled": true,
    "neededInstalledMods": [],
    "neededUninstalledMods": [],
    "spawns": [
        {
            "id": "poipole-1",
            "pokemon": "poipole",
            "type": "pokemon",
            "context": "grounded",
            "bucket": "ultra-rare",
            "level": "15-35",
            "weight": 5.0,
            "condition": {
                "biomes": [
                    "#cobblemon:is_overworld"
                ],
                "neededNearbyBlocks": ["minecraft:bee_nest"]
            }
        }
    ]
}