{
  "target": "cobblemon:necrozma",
  "implemented": true,
  "baseScale": 1,
  "hitbox": {
    "width": 1,
    "height": 1,
    "fixed": false
   },
   "aspects": [
    "base-fusion"
   ],
      "evolutions": [
        {
          "id": "necrozma-base_necrozma-dusk",
          "variant": "item_interact",
          "result": "necrozma prism_fusion=dusk",
          "consumeHeldItem": false,
          "requirements": [
            {
              "variant": "party_member",
              "target": "solgaleo",
              "contains": true
            }
          ],
          "requiredContext": "minecraft:diamond"
        },
        {
          "id": "necrozma-base_necrozma-dawn",
          "variant": "item_interact",
          "result": "necrozma prism_fusion=dawn",
          "consumeHeldItem": false,
          "requirements": [
        {
          "variant": "party_member",
          "target": "lunala",
          "contains": true
        }
      ],
          "requiredContext": "minecraft:diamond"
        },
        {
          "id": "necrozma-base_necrozma-ultra",
          "variant": "item_interact",
          "result": "necrozma prism_fusion=ultra",
          "consumeHeldItem": false,
          "requirements": [
        {
          "variant": "party_member",
          "target": "solgaleo",
          "contains": true
        },
        {
          "variant": "party_member",
          "target": "lunala",
          "contains": true
        }
      ],
          "requiredContext": "minecraft:diamond"
        }
    ],
    "forms": [
      {
        "name": "Dusk-Mane",
        "primaryType": "psychic",
        "secondaryType": "steel",
        "maleRatio": -1,
        "height": 38,
        "weight": 4600,
        "pokedex": [
          "cobblemon.species.necrozma-duskmane.desc"
        ],
        "labels": [
          "gen7",
          "legendary",
          "restricted"
        ],
        "aspects": [
          "dusk-fusion"
        ],
        "baseStats": {
          "hp": 97,
          "attack": 157,
          "defence": 127,
          "special_attack": 113,
          "special_defence": 109,
          "speed": 77
        },
        "evYield": {
          "hp": 0,
          "attack": 3,
          "defence": 0,
          "special_attack": 0,
          "special_defence": 0,
          "speed": 0
        },
        "baseExperienceYield": 340,
        "moves": [
          "1:moonlight",
          "1:morningsun",
          "1:chargebeam",
          "1:mirrorshot",
          "1:metalclaw",
          "1:confusion",
          "1:gravity",
          "1:wringout",
          "8:stealthrock",
          "16:slash",
          "24:nightslash",
          "32:psychocut",
          "40:storedpower",
          "48:rockblast",
          "56:irondefense",
          "64:powergem",
          "72:photongeyser",
          "80:autotomize",
          "88:prismaticlaser",
          "form_change:sunsteelstrike",
          "tm:aerialace",
          "tm:allyswitch",
          "tm:bodyslam",
          "tm:brickbreak",
          "tm:brutalswing",
          "tm:bulldoze",
          "tm:calmmind",
          "tm:chargebeam",
          "tm:cosmicpower",
          "tm:darkpulse",
          "tm:dragondance",
          "tm:dragonpulse",
          "tm:earthpower",
          "tm:earthquake",
          "tm:embargo",
          "tm:endure",
          "tm:expandingforce",
          "tm:facade",
          "tm:flashcannon",
          "tm:fling",
          "tm:futuresight",
          "tm:gigaimpact",
          "tm:gravity",
          "tm:gyroball",
          "tm:heatwave",
          "tm:hyperbeam",
          "tm:hypervoice",
          "tm:imprison",
          "tm:irondefense",
          "tm:ironhead",
          "tm:knockoff",
          "tm:lightscreen",
          "tm:magnetrise",
          "tm:metalclaw",
          "tm:meteorbeam",
          "tm:outrage",
          "tm:powergem",
          "tm:protect",
          "tm:psychic",
          "tm:psychicfangs",
          "tm:psychocut",
          "tm:psyshock",
          "tm:recycle",
          "tm:reflect",
          "tm:rest",
          "tm:rockblast",
          "tm:rockpolish",
          "tm:rockslide",
          "tm:rocktomb",
          "tm:sandstorm",
          "tm:scaryface",
          "tm:shadowclaw",
          "tm:shockwave",
          "tm:signalbeam",
          "tm:sleeptalk",
          "tm:smartstrike",
          "tm:solarbeam",
          "tm:stealthrock",
          "tm:stoneedge",
          "tm:storedpower",
          "tm:substitute",
          "tm:sunnyday",
          "tm:sunsteelstrike",
          "tm:swift",
          "tm:swordsdance",
          "tm:telekinesis",
          "tm:terablast",
          "tm:thief",
          "tm:trickroom",
          "tm:xscissor",
          "tutor:aerialace",
          "tutor:allyswitch",
          "tutor:bulldoze",
          "tutor:calmmind",
          "tutor:chargebeam",
          "tutor:darkpulse",
          "tutor:dragonpulse",
          "tutor:earthpower",
          "tutor:expandingforce",
          "tutor:flashcannon",
          "tutor:gigaimpact",
          "tutor:gravity",
          "tutor:heatwave",
          "tutor:hyperbeam",
          "tutor:hypervoice",
          "tutor:irondefense",
          "tutor:ironhead",
          "tutor:knockoff",
          "tutor:magnetrise",
          "tutor:meteorbeam",
          "tutor:outrage",
          "tutor:psychic",
          "tutor:psychocut",
          "tutor:recycle",
          "tutor:rest",
          "tutor:rockslide",
          "tutor:shadowclaw",
          "tutor:shockwave",
          "tutor:signalbeam",
          "tutor:sleeptalk",
          "tutor:stealthrock",
          "tutor:stoneedge",
          "tutor:swift",
          "tutor:telekinesis",
          "tutor:trick",
          "tutor:xscissor"
        ],
        "evolutions": [
          {
            "id": "necrozma-dusk_necrozma-base",
            "variant": "item_interact",
            "result": "necrozma prism_fusion=base",
            "consumeHeldItem": false,
            "requirements": [],
            "requiredContext": "minecraft:diamond"
          }
        ],
        "battleOnly": false
      },
      {
        "name": "Dawn-Wings",
        "primaryType": "psychic",
        "secondaryType": "ghost",
        "maleRatio": -1,
        "height": 42,
        "weight": 3500,
        "pokedex": [
          "cobblemon.species.necrozma-dawnwings.desc"
        ],
        "labels": [
          "gen7",
          "legendary",
          "restricted"
        ],
        "aspects": [
          "dawn-fusion"
        ],
        "baseStats": {
          "hp": 97,
          "attack": 113,
          "defence": 109,
          "special_attack": 157,
          "special_defence": 127,
          "speed": 77
        },
        "evYield": {
          "hp": 0,
          "attack": 0,
          "defence": 0,
          "special_attack": 3,
          "special_defence": 0,
          "speed": 0
        },
        "baseExperienceYield": 340,
        "moves": [
          "1:moonlight",
          "1:morningsun",
          "1:chargebeam",
          "1:mirrorshot",
          "1:metalclaw",
          "1:confusion",
          "1:autotomize",
          "1:wringout",
          "8:stealthrock",
          "16:slash",
          "24:nightslash",
          "32:psychocut",
          "40:storedpower",
          "48:rockblast",
          "56:irondefense",
          "64:powergem",
          "72:photongeyser",
          "80:gravity",
          "88:prismaticlaser",
          "form_change:moongeistbeam",
          "tm:aerialace",
          "tm:allyswitch",
          "tm:bodyslam",
          "tm:brickbreak",
          "tm:brutalswing",
          "tm:bulldoze",
          "tm:calmmind",
          "tm:chargebeam",
          "tm:cosmicpower",
          "tm:darkpulse",
          "tm:dragondance",
          "tm:dragonpulse",
          "tm:earthpower",
          "tm:earthquake",
          "tm:embargo",
          "tm:endure",
          "tm:expandingforce",
          "tm:facade",
          "tm:flashcannon",
          "tm:fling",
          "tm:futuresight",
          "tm:gigaimpact",
          "tm:gravity",
          "tm:gyroball",
          "tm:heatwave",
          "tm:hyperbeam",
          "tm:hypervoice",
          "tm:imprison",
          "tm:irondefense",
          "tm:ironhead",
          "tm:knockoff",
          "tm:lightscreen",
          "tm:magnetrise",
          "tm:metalclaw",
          "tm:meteorbeam",
          "tm:moongeistbeam",
          "tm:outrage",
          "tm:powergem",
          "tm:protect",
          "tm:psychic",
          "tm:psychicfangs",
          "tm:psychocut",
          "tm:psyshock",
          "tm:recycle",
          "tm:reflect",
          "tm:rest",
          "tm:rockblast",
          "tm:rockpolish",
          "tm:rockslide",
          "tm:rocktomb",
          "tm:sandstorm",
          "tm:scaryface",
          "tm:shadowclaw",
          "tm:shockwave",
          "tm:signalbeam",
          "tm:sleeptalk",
          "tm:smartstrike",
          "tm:solarbeam",
          "tm:stealthrock",
          "tm:stoneedge",
          "tm:storedpower",
          "tm:substitute",
          "tm:sunnyday",
          "tm:swift",
          "tm:swordsdance",
          "tm:telekinesis",
          "tm:terablast",
          "tm:thief",
          "tm:trickroom",
          "tm:xscissor",
          "tutor:aerialace",
          "tutor:allyswitch",
          "tutor:bulldoze",
          "tutor:calmmind",
          "tutor:chargebeam",
          "tutor:darkpulse",
          "tutor:dragonpulse",
          "tutor:earthpower",
          "tutor:expandingforce",
          "tutor:flashcannon",
          "tutor:gigaimpact",
          "tutor:gravity",
          "tutor:heatwave",
          "tutor:hyperbeam",
          "tutor:hypervoice",
          "tutor:irondefense",
          "tutor:ironhead",
          "tutor:knockoff",
          "tutor:magnetrise",
          "tutor:meteorbeam",
          "tutor:outrage",
          "tutor:psychic",
          "tutor:psychocut",
          "tutor:recycle",
          "tutor:rest",
          "tutor:rockslide",
          "tutor:shadowclaw",
          "tutor:shockwave",
          "tutor:signalbeam",
          "tutor:sleeptalk",
          "tutor:stealthrock",
          "tutor:stoneedge",
          "tutor:swift",
          "tutor:telekinesis",
          "tutor:trick",
          "tutor:xscissor"
        ],
        "evolutions": [
          {
            "id": "necrozma-dawn_necrozma-base",
            "variant": "item_interact",
            "result": "necrozma prism_fusion=base",
            "consumeHeldItem": false,
            "requirements": [],
            "requiredContext": "minecraft:diamond"
          }
        ],
        "battleOnly": false
      },
      {
        "name": "Ultra",
        "primaryType": "psychic",
        "secondaryType": "dragon",
        "maleRatio": -1,
        "height": 75,
        "weight": 2300,
        "pokedex": [
          "cobblemon.species.necrozma-ultra.desc"
        ],
        "labels": [
          "gen7",
          "legendary",
          "restricted",
          "ultra_burst"
        ],
        "aspects": [
          "ultra-fusion"
        ],
        "abilities": [
          "neuroforce",
          "h:neuroforce"
        ],
        "baseStats": {
          "hp": 97,
          "attack": 167,
          "defence": 97,
          "special_attack": 167,
          "special_defence": 97,
          "speed": 129
        },
        "evYield": {
          "hp": 0,
          "attack": 1,
          "defence": 0,
          "special_attack": 1,
          "special_defence": 0,
          "speed": 1
        },
        "baseExperienceYield": 377,
        "catchRate": 255,
        "dynamaxBlocked": true,
        "evolutions": [
          {
            "id": "necrozma-ultra_necrozma-base",
            "variant": "item_interact",
            "result": "necrozma prism_fusion=base",
            "consumeHeldItem": false,
            "requirements": [],
            "requiredContext": "minecraft:diamond"
          }
        ],
        "battleOnly": true
      }
    ]  
  }