{
  "portraitScale": 2.2,
  "portraitTranslation": [ 0.13, -0.06, 0.0],
  "profileScale": 0.74,
  "profileTranslation": [0.06, 0.63, 0.0],
  "animations": {},
  "poses": { 
    "battle-standing": {
      "poseTypes": ["STAND"],
      "isBattle": true,
      "animations": [
        "q.look('head')",
        "q.bedrock('darkrai', 'ground_idle')"
      ]
    },
    "standing": {
      "poseTypes": ["STAND", "NONE", "PORTRAIT", "FLOAT", "PROFILE"],
      "isBattle": false,
      "animations": [
        "q.look('head')",
        "q.bedrock('darkrai', 'ground_idle')"
      ]
    },
    "walking": {
      "poseTypes": ["WALK", "SWIM"],
      "animations": [
        "q.look('head')",
        "q.bedrock('darkrai', 'ground_idle')"
      ]
    }
  }
}