{
	"species": "cobblemon:cresselia",
	"order": 0,
	"variations": [
		{
			"aspects": [],
			"poser": "cobblemon:cresselia",
			"model": "cobblemon:cresselia.geo",
			"texture": "cobblemon:textures/pokemon/cresselia/cresselia.png",
			"layers": [
				{
					"name": "emissive",
          "emissive": true,
					"texture": "cobblemon:textures/pokemon/cresselia/cresselia_emissive.png",
          "translucent": true
				  }
			]
		},
		{
			"aspects": [ 
				"shiny" ],
			"texture": "cobblemon:textures/pokemon/cresselia/cresselia_shiny.png",
			"layers": [
				{
					"name": "emissive",
          "emissive": true,
					"texture": "cobblemon:textures/pokemon/cresselia/cresselia_shiny_emissive.png",
          "translucent": true
				  }
			]
		}
	]
}