{
  "enabled": true,
  "neededInstalledMods": [],
  "neededUninstalledMods": [],
  "spawns": [
    {
      "id": "mythsandlegends-zapdos-1",
      "pokemon": "zapdos",
      "presets": [
        "natural"
      ],
      "type": "pokemon",
      "context": "grounded",
      "bucket": "ultra-rare",
      "level": "50-60",
      "weight": 0.7,
      "condition": {
        "biomes": [
          "minecraft:plains",
          "minecraft:savanna"
        ],
        "key_item": "tidal_bell",
        "thunder_stone_requirement": "3"
      }
    },
    {
      "id": "mythsandlegends-zapdos-2",
      "pokemon": "zapdos",
      "presets": [
        "natural"
      ],
      "type": "pokemon",
      "context": "grounded",
      "bucket": "ultra-rare",
      "level": "50-60",
      "weight": 0.7,
      "condition": {
        "biomes": [
          "#cobblemon:is_sky",
          "#cobblemon:is_mountain"
        ],
        "key_item": "tidal_bell",
        "thunder_stone_requirement": "3"
      }
    }
  ]
}