{
  "enabled": true,
  "neededInstalledMods": [],
  "neededUninstalledMods": [],
  "spawns": [
    {
      "id": "mythsandlegends-tornadus-1",
      "pokemon": "tornadus",
      "presets": ["natural"],
      "type": "pokemon",
      "context": "grounded",
      "bucket": "ultra-rare",
      "level": "50-70",
      "weight": 0.7,
      "condition": {
        "isThundering": true,
        "biomes": [
          "minecraft:jungle",
          "minecraft:bamboo_jungle",
          "minecraft:jungle_edge"
        ],
        "key_item": "reveal_glass"
      }
    }
  ]
}
