{
  "enabled": true,
  "neededInstalledMods": [],
  "neededUninstalledMods": [],
  "spawns": [
    {
      "id": "mythsandlegends-mesprit-1",
      "pokemon": "mesprit",
      "presets": [
        "water_surface"
      ],
      "type": "pokemon",
      "context": "surface",
      "bucket": "ultra-rare",
      "level": "50",
      "weight": 1.2,
      "condition": {
        "biomes": [
          "minecraft:mangrove_swamp",
          "minecraft:swamp",
          "#byg:is_swamp",
          "#c:swamp",
          "#forge:is_swamp",
          "#wythers:is_swamp",
          "terralith:ice_marsh",
          "terralith:orchid_swamp",
          "wythers:billabong"
        ],
        "key_item": "mesprit_plume"
      }
    },
    {
      "id": "mythsandlegends-mesprit-2",
      "pokemon": "mesprit",
      "presets": [
        "water_surface"
      ],
      "type": "pokemon",
      "context": "surface",
      "bucket": "ultra-rare",
      "level": "50",
      "weight": 1.2,
      "condition": {
        "biomes": [
          "#cobblemon:is_river",
          "wythers:lantern_river",
          "#minecraft:is_river",
          "wythers:tropical_forest_river",
          "#cobblemon:is_freshwater"
        ],
        "key_item": "mesprit_plume"
      }
    }
  ]
} 