{
  "enabled": true,
  "neededInstalledMods": [
  ],
  "neededUninstalledMods": [],
  "spawns": [
    {
      "id": "mythsandlegends-victini-1",
      "pokemon": "victini",
      "presets": [
        "natural"
      ],
      "type": "pokemon",
      "context": "grounded",
      "bucket": "ultra-rare",
      "level": "70-100",
      "weight": 0.6,
      "condition": {
        "biomes": [
          "minecraft:badlands",
          "minecraft:eroded_badlands",
          "minecraft:savanna"
        ],
        "key_item": "liberty_pass"
      }
    },
    {
      "id": "mythsandlegends-victini-2",
      "pokemon": "victini",
      "presets": [
        "natural"
      ],
      "type": "pokemon",
      "context": "grounded",
      "bucket": "ultra-rare",
      "level": "70-100",
      "weight": 0.6,
      "condition": {
        "biomes": [
          "#cobblemon:is_volcanic",
          "#cobblemon:is_thermal",
          "#cobblemon:is_savanna",
          "aether:skyroot_forest",
          "aether:skyroot_woodland"
        ],
        "key_item": "liberty_pass"
      }
    }
  ]
}
