{
  "enabled": true,
  "neededInstalledMods": [],
  "neededUninstalledMods": [],
  "spawns": [
    {
      "id": "mythsandlegends-lugia-1",
      "pokemon": "lugia",
      "presets": [
        "freshwater",
        "underwater"
      ],
      "type": "pokemon",
      "context": "submerged",
      "bucket": "ultra-rare",
      "level": "40-70",
      "weight": 0.3,
      "condition": {
        "biomes": [
          "#minecraft:is_deep_ocean",
          "minecraft:deep_ocean",
          "minecraft:ocean"
        ],
        "key_item": "tidal_bell"
      }
    },
    {
      "id": "mythsandlegends-lugia-2",
      "pokemon": "lugia",
      "presets": [
        "freshwater",
        "underwater"
      ],
      "type": "pokemon",
      "context": "submerged",
      "bucket": "ultra-rare",
      "level": "40-70",
      "weight": 0.3,
      "condition": {
        "biomes": [
          "#cobblemon:is_deep_ocean",
          "#cobblemon:is_ocean",
          "#cobblemon:is_cold_ocean"
        ],
        "key_item": "tidal_bell"
      }
    },
    {
      "id": "mythsandlegends-lugia-3",
      "pokemon": "lugia",
      "presets": [
        "freshwater",
        "underwater"
      ],
      "type": "pokemon",
      "context": "submerged",
      "bucket": "ultra-rare",
      "level": "40-70",
      "weight": 0.1,
      "condition": {
        "biomes": [
          "#cobblemon:is_deep_ocean",
          "minecraft:deep_ocean",
          "minecraft:ocean"
        ],
        "key_item": "silver_wing"
      }
    },
    {
      "id": "mythsandlegends-lugia-4",
      "pokemon": "lugia",
      "presets": [
        "freshwater",
        "underwater"
      ],
      "type": "pokemon",
      "context": "submerged",
      "bucket": "ultra-rare",
      "level": "40-70",
      "weight": 0.1,
      "condition": {
        "biomes": [
          "#cobblemon:is_deep_ocean",
          "#cobblemon:is_ocean",
          "#cobblemon:is_cold_ocean"
        ],
        "key_item": "silver_wing"
      }
    }
  ]
}