{
  "enabled": true,
  "neededInstalledMods": [],
  "neededUninstalledMods": [],
  "spawns": [
    {
      "id": "mythsandlegends-koraidon-1",
      "pokemon": "koraidon",
      "presets": [
        "natural"
      ],
      "type": "pokemon",
      "context": "grounded",
      "bucket": "ultra-rare",
      "level": "68-72",
      "weight": 0.3,
      "condition": {
        "biomes": [
          "minecraft:badlands",
          "minecraft:eroded_badlands",
          "minecraft:savanna",
          "minecraft:savanna_plateau"
        ],
        "key_item": "scarlet_book"
      }
    },
    {
      "id": "mythsandlegends-koraidon-2",
      "pokemon": "koraidon",
      "presets": [
        "natural"
      ],
      "type": "pokemon",
      "context": "grounded",
      "bucket": "ultra-rare",
      "level": "68-72",
      "weight": 0.3,
      "condition": {
        "biomes": [
          "#cobblemon:is_savanna",
          "#cobblemon:is_plateau",
          "#cobblemon:is_mountain"
        ],
        "key_item": "scarlet_book"
      }
    }
  ]
}