{
  "enabled": true,
  "neededInstalledMods": [],
  "neededUninstalledMods": [],
  "spawns": [
    {
      "id": "mythsandlegends-reshiram-1",
      "pokemon": "reshiram",
      "presets": ["natural"],
      "type": "pokemon",
      "context": "grounded",
      "bucket": "ultra-rare",
      "level": "60-70",
      "weight": 0.5,
      "condition": {
        "biomes": [
          "minecraft:savanna",
          "minecraft:sunflower_plains",
          "minecraft:desert"
        ],
        "minLight": 8,
        "maxLight": 15,
        "key_item": "light_stone"
      }
    }
  ]
}
