{
  "enabled": true,
  "neededInstalledMods": [],
  "neededUninstalledMods": [],
  "spawns": [
    {
      "id": "mythsandlegends-moltres-1",
      "pokemon": "moltres",
      "presets": [
        "natural"
      ],
      "type": "pokemon",
      "context": "grounded",
      "bucket": "ultra-rare",
      "level": "50-60",
      "weight": 0.7,
      "condition": {
        "biomes": [
          "minecraft:badlands",
          "minecraft:windswept_hills"
        ],
        "key_item": "tidal_bell",
        "fire_stone_requirement": "3"
      }
    },
    {
      "id": "mythsandlegends-moltres-2",
      "pokemon": "moltres",
      "presets": [
        "natural"
      ],
      "type": "pokemon",
      "context": "grounded",
      "bucket": "ultra-rare",
      "level": "50-60",
      "weight": 0.7,
      "condition": {
        "biomes": [
          "#cobblemon:is_volcanic",
          "#cobblemon:is_thermal",
          "#cobblemon:is_sky"
        ],
        "key_item": "tidal_bell",
        "fire_stone_requirement": "3"
      }
    }
  ]
}