{
  "enabled": true,
  "neededInstalledMods": [],
  "neededUninstalledMods": [],
  "spawns": [
    {
      "id": "mythsandlegends-diancie-1",
      "pokemon": "diancie",
      "presets": [
        "natural"
      ],
      "type": "pokemon",
      "context": "grounded",
      "bucket": "ultra-rare",
      "level": "70",
      "weight": 0.1,
      "condition": {
        "maxY": 10,
        "minY": -64,
        "biomes": [
          "#cobblemon:is_cave"   
        ],
        "key_item": "diancies_crown"
      }
    },
    {
      "id": "mythsandlegends-diancie-2",
      "pokemon": "diancie",
      "presets": [
        "natural"
      ],
      "type": "pokemon",
      "context": "grounded",
      "bucket": "ultra-rare",
      "level": "70",
      "weight": 0.1,
      "condition": {
        "maxY": 10,
        "minY": -64,
        "biomes": [
          "minecraft:dripstone_caves",
          "minecraft:lush_caves",
          "#c:caves",
          "#c:underground",
          "#forge:is_underground",
          "terralith:cave/andesite_caves",
          "terralith:cave/desert_caves",
          "terralith:cave/diorite_caves",
          "terralith:cave/fungal_caves",
          "terralith:cave/granite_caves",
          "terralith:cave/infested_caves",
          "terralith:cave/thermal_caves",
          "terralith:cave/underground_jungle"
        ],
        "key_item": "diancies_crown"
      }
    }
  ]
} 