{
    "enabled": true,
    "neededInstalledMods": [],
    "neededUninstalledMods": [],
    "spawns": [
        {
            "id": "zapdos-galarian",
            "pokemon": "zapdos galarian",
            "presets": ["natural"],
            "type": "pokemon",
            "context": "grounded",
            "bucket": "ultra-rare",
            "level": "60",
            "weight": 3.0,
            "condition": {
                "biomes": [
                    "#cobblemon:is_mountain"
                ],
                "isRaining": false
            }
        }
    ]
}