{
    "target": "cobblemon:appletun",
    "implemented": true,
  "baseScale": 1.2,
  "hitbox": {
    "width": 1,
    "height": 1.0,
    "fixed": false
  },
	    "behaviour": {
        "resting": {
            "canSleep": true,
            "depth": "normal",
            "light": "0-4"
        },
        "moving": {
            "canLook": false,
            "walk": {
				"walkSpeed": 0.165,
                "canWalk": true,
                "avoidsLand": false
            },
            "swim": {
                "swimSpeed": 0.1,
                "canSwimInWater": true,
                "canBreatheUnderwater": false
            }
        }
    }
}