{
    "target": "cobblemon:duraludon",
    "implemented": true,
    "baseScale": 1.5,
    "hitbox": {
        "width": 1.0,
        "height": 1.3,
        "fixed": false
    },
	    "drops": {
        "amount": "1",
        "entries": [
        {"item": "minecraft:iron_ingot", "quantityRange": "1-32", "percentage": 50}
        ]
    },
	    "behaviour": {
        "resting": {
            "canSleep": true,
            "depth": "normal",
            "light": "0-4"
        },
        "moving": {
            "canLook": false,
            "walk": {
                "canWalk": true,
				"walkSpeed": 0.180,
                "avoidsLand": false
            },
            "swim": {
                "swimSpeed": 0.1,
                "canSwimInWater": false,
                "canBreatheUnderwater": false
            }
        }
    },
	    "evolutions": [
        {
            "id": "duraludon_archaludon",
            "variant": "level_up",
            "result": "archaludon",
            "consumeHeldItem": false,
            "learnableMoves": [],
			"requirements": [
			{
          "variant": "held_item",
          "itemCondition": "cobblemon:metal_coat"
			},
			{
          "variant": "level",
          "minLevel": 1
			}
            ]
        }
    ]
}