{
    "target": "cobblemon:shaymin",
    "implemented": true,
    "features": ["sky-forme"],
 "behaviour": {
        "resting": {
            "canSleep": true,
            "depth": "normal",
            "light": "0-4"
        },
        "moving": {
            "canLook": false,
            "walk": {
				"walkSpeed": 0.250,
                "canWalk": true,
                "avoidsLand": false
            },
            "swim": {
                "swimSpeed": 0.1,
                "canSwimInWater": false,
                "canBreatheUnderwater": false
            }
        }
    },
	  "baseScale": 0.4,
  "hitbox": {
    "width": 0.6,
    "height": 1,
    "fixed": false
  },
  	    "evolutions": [
        {
            "id": "shaymin_shaymin-sky",
            "variant": "item_interact",
            "result": "shaymin gracidea_forme=sky",
            "learnableMoves": [],
		    "requirements": [],
            "requiredContext": "minecraft:flowering_azalea",
            "consumeHeldItem": false
        }
    ],
    "forms": [
        {
          "name": "Sky",
          "primaryType": "grass",
          "secondaryType": "flying",
          "maleRatio": -1,
          "height": 4,
          "weight": 52,
          "pokedex": [
            "cobblemon.species.shaymin-sky.desc"
          ],
          "labels": [
            "gen4",
            "mythical"
          ],
          "aspects": [
            "sky-forme"
          ],
          "abilities": [
            "serenegrace",
            "h:serenegrace"
          ],
          "baseStats": {
            "hp": 100,
            "attack": 103,
            "defence": 75,
            "special_attack": 120,
            "special_defence": 75,
            "speed": 127
          },
          "evYield": {
            "hp": 0,
            "attack": 0,
            "defence": 0,
            "special_attack": 0,
            "special_defence": 0,
            "speed": 3
          },
          "moves": [
            "1:growth",
            "10:magicalleaf",
            "19:leechseed",
            "28:quickattack",
            "37:sweetscent",
            "46:naturalgift",
            "55:worryseed",
            "64:airslash",
            "73:energyball",
            "82:sweetkiss",
            "91:leafstorm",
            "100:seedflare",
            "tm:aircutter",
            "tm:airslash",
            "tm:babydolleyes",
            "tm:batonpass",
            "tm:bulletseed",
            "tm:covet",
            "tm:dazzlinggleam",
            "tm:disarmingvoice",
            "tm:doubleedge",
            "tm:earthpower",
            "tm:endeavor",
            "tm:endure",
            "tm:energyball",
            "tm:facade",
            "tm:flash",
            "tm:gigadrain",
            "tm:gigaimpact",
            "tm:grassknot",
            "tm:grassyglide",
            "tm:grassyterrain",
            "tm:headbutt",
            "tm:healingwish",
            "tm:hyperbeam",
            "tm:laserfocus",
            "tm:lastresort",
            "tm:leafstorm",
            "tm:magicalleaf",
            "tm:naturalgift",
            "tm:naturepower",
            "tm:ominouswind",
            "tm:petalblizzard",
            "tm:playrough",
            "tm:protect",
            "tm:psychic",
            "tm:psychup",
            "tm:rest",
            "tm:safeguard",
            "tm:seedbomb",
            "tm:sleeptalk",
            "tm:solarbeam",
            "tm:substitute",
            "tm:sunnyday",
            "tm:swift",
            "tm:swordsdance",
            "tm:synthesis",
            "tm:tailwind",
            "tm:takedown",
            "tm:terablast",
            "tm:trailblaze",
            "tm:worryseed",
            "tm:zenheadbutt",
            "tutor:aircutter",
            "tutor:babydolleyes",
            "tutor:covet",
            "tutor:dazzlinggleam",
            "tutor:earthpower",
            "tutor:endeavor",
            "tutor:energyball",
            "tutor:gigadrain",
            "tutor:gigaimpact",
            "tutor:grassyglide",
            "tutor:hyperbeam",
            "tutor:laserfocus",
            "tutor:lastresort",
            "tutor:magicalleaf",
            "tutor:ominouswind",
            "tutor:playrough",
            "tutor:psychic",
            "tutor:rest",
            "tutor:seedbomb",
            "tutor:sleeptalk",
            "tutor:swift",
            "tutor:synthesis",
            "tutor:tailwind",
            "tutor:worryseed",
            "tutor:zenheadbutt"
          ],
          "evolutions": [
            {
                "id": "shaymin_shaymin-land",
                "variant": "item_interact",
                "result": "shaymin gracidea_forme=land",
                "learnableMoves": [],
                "requirements": [],
                "requiredContext": "minecraft:azalea",
                "consumeHeldItem": false
            }
          ],
          "battleOnly": false
        }
      ]    
}