{
    "enabled": true,
    "neededInstalledMods": [],
    "neededUninstalledMods": [],
    "spawns": [
        {
            "id": "drilbur-1",
            "pokemon": "drilbur",
            "type": "pokemon",
            "context": "grounded",
            "bucket": "common",
            "level": "8-31",
            "weight": 6.1,
            "condition": {
                "canSeeSky": false,
				"maxY": 30,
                "biomes": [
                    "#cobblemon:is_overworld"
                ]
            }
        }
    ]
}