{
    "enabled": true,
    "neededInstalledMods": [],
    "neededUninstalledMods": [],
    "spawns": [
        {
            "id": "mrrime-1",
            "pokemon": "mrrime",
            "type": "pokemon",
            "context": "grounded",
            "bucket": "uncommon",
            "level": "42-50",
            "weight": 0.6,
            "condition": {
                "canSeeSky": true,
                "biomes": [
                    "#cobblemon:is_freezing"
                ],
                "structures": [
                    "minecraft:village"
                ]
            }
        },
        {
            "id": "mrrime-2",
        "pokemon": "mrrime",
        "presets": [
            "natural"
        ],
        "type": "pokemon",
        "context": "grounded",
        "bucket": "rare",
        "level": "42-50",
        "weight": 1.1,
        "condition": {
            "canSeeSky": true,
            "biomes": [
                "#cobblemon:is_freezing"
            ]
        }
    }
    ]
}