{
    "enabled": "true",
    "neededInstalledMods": [],
    "neededUninstalledMods": [],
    "spawns": [
        {
            "id": "ursaluna-bloodmoon-1",
            "pokemon": "ursaluna bloodmoon",
            "presets": [
                "natural",
				"wild"
            ],
            "type": "pokemon",
            "context": "grounded",
            "bucket": "rare",
            "level": "50-65",
            "weight": 1,
            "condition": {
                "biomes": [
                    "cobblemon:is_spooky"
                ],
                "timeRange": "night"
            },
            "weightMultipliers": [
                {
                    "multiplier": 15,
                    "condition": {
                       "moonPhase": 0
                    }
                }
            ]
        }
    ]
}