{
  "enabled": true,
  "neededInstalledMods": [],
  "neededUninstalledMods": [],
  "spawns": [
    {
      "id": "mythsandlegends-latios-1",
      "pokemon": "latios",
      "presets": [
        "natural"
      ],
      "type": "pokemon",
      "context": "grounded",
      "bucket": "ultra-rare",
      "level": "30-50",
      "weight": 0.1,
      "condition": {
        "biomes": [
          "terralith:mirage_isles",
          "minecraft:plains",
          "minecraft:mountain_edge"
        ],
        "key_item": "eon_ticket"
      }
    },
    {
      "id": "mythsandlegends-latios-2",
      "pokemon": "latios",
      "presets": [
        "natural"
      ],
      "type": "pokemon",
      "context": "grounded",
      "bucket": "ultra-rare",
      "level": "30-50",
      "weight": 0.1,
      "condition": {
        "biomes": [
          "#cobblemon:is_coast",
          "#cobblemon:is_temperate",
          "#cobblemon:is_beach"
        ],
        "key_item": "eon_ticket"
      }
    }
  ]
}