{
    "target": "cobblemon:meowstic",   
    "implemented": true,
    "baseScale": 0.6,
    "hitbox": {
      "width": 0.6,
      "height": 1.4,
      "fixed": false
    },
    "maleRatio": 0.5,
    "drops": {
    "amount": "3",
      "entries": [
        {
          "item": "cobblemon:colbur_berry",
          "percentage": 5.0
        },
        {
          "item": "minecraft:ender_pearl",
          "quantityRange": "1-2",
          "percentage": 33
        }
      ]
    },
    "behaviour": {
      "resting": {
        "canSleep": true,
        "willSleepOnBed": true,
        "depth": "normal",
        "light": "0-4"
      }
    }
   }